model,val_mae,test_mae
LSTM_Mode64_2_Convo_1_Dense_0,0.07801862806081772,0.09653742611408234
Baseline,0.2774810492992401,0.2783522307872772
