model,val_mae,test_mae
LSTM_Model,0.17345081269741058,0.1515815407037735
Baseline,0.4854903817176819,0.44446784257888794
