model,val_mae,test_mae
LSTM_Model,0.16186541318893433,0.1633801907300949
Baseline,0.4854903817176819,0.44446784257888794
